[
  {
    "id": 1764883822202,
    "name": "Mateus Fantucci",
    "company": "Fluxus BPO",
    "cnpj": null,
    "email": "mateus.fantucci@adaptedtech.com.br",
    "phone": "48991932106",
    "reason": "Suporte",
    "message": "Testando envio",
    "createdAt": "2025-12-04T21:30:22.202Z"
  },
  {
    "id": 1764884029477,
    "name": "Mateus Fantucci",
    "company": "Fluxus BPO",
    "cnpj": null,
    "email": "mateus.fantucci@adaptedtech.com.br",
    "phone": "48991932106",
    "reason": "Sugestão",
    "message": "testando envio",
    "createdAt": "2025-12-04T21:33:49.477Z"
  },
  {
    "id": 1764889080690,
    "name": "Mateus Fantucci",
    "company": "Fluxus BPO",
    "cnpj": null,
    "email": "mateus.fantucci@adaptedtech.com.br",
    "phone": "48991932106",
    "reason": "Sugestão",
    "message": "teste",
    "createdAt": "2025-12-04T22:58:00.690Z"
  },
  {
    "id": 1764889081361,
    "name": "Mateus Fantucci",
    "company": "Fluxus BPO",
    "cnpj": null,
    "email": "mateus.fantucci@adaptedtech.com.br",
    "phone": "48991932106",
    "reason": "Sugestão",
    "message": "teste",
    "createdAt": "2025-12-04T22:58:01.361Z"
  },
  {
    "id": 1764931314333,
    "name": "Mateus Fantucci",
    "company": "Fluxus BPO",
    "cnpj": null,
    "email": "mateus.fantucci@adaptedtech.com.br",
    "phone": "48991932106",
    "reason": "Sugestão",
    "message": "testando",
    "createdAt": "2025-12-05T10:41:54.333Z"
  },
  {
    "id": 1764931362146,
    "name": "Mateus Fantucci",
    "company": "Fluxus BPO",
    "cnpj": null,
    "email": "mateus.fantucci@adaptedtech.com.br",
    "phone": "48991932106",
    "reason": "Sugestão",
    "message": "teste",
    "createdAt": "2025-12-05T10:42:42.146Z"
  },
  {
    "id": 1764931842308,
    "name": "Mateus Fantucci",
    "company": "Fluxus BPO",
    "cnpj": null,
    "email": "mateus.fantucci@adaptedtech.com.br",
    "phone": "48991932106",
    "reason": "Sugestão",
    "message": "teste",
    "createdAt": "2025-12-05T10:50:42.308Z"
  },
  {
    "id": 1764932211891,
    "name": "Mateus Fantucci",
    "company": "Fluxus BPO",
    "cnpj": null,
    "email": "mateus.fantucci@adaptedtech.com.br",
    "phone": "48991932106",
    "reason": "Sugestão",
    "message": "testando",
    "createdAt": "2025-12-05T10:56:51.891Z"
  },
  {
    "id": 1764932268636,
    "name": "Mateus Fantucci",
    "company": "Fluxus BPO",
    "cnpj": null,
    "email": "mateus.fantucci@adaptedtech.com.br",
    "phone": "48991932106",
    "reason": "Sugestão",
    "message": "teste",
    "createdAt": "2025-12-05T10:57:48.636Z"
  }
]